ParasiteCheckedBinomial,Par.Phylum,Par.Class,length.min.mm,length.max.mm,width.min.um,width.max.um,male.length.min,male.length.max,male.width.min,male.width.max,female.length.min,female.length.max,female.width.min,female.width.max,egg.size.min,egg.size.max
Acanthocheilonema dracunculoides,Nematoda,Chromadorea,15,60,100,300,15,31,100,200,32,60,200,300,NA,NA
Acanthocheilonema odendhali,Nematoda,Chromadorea,NA,NA,NA,NA,NA,NA,NA,NA,NA,NA,NA,NA,NA,NA
Acanthocheilonema procyonis,Nematoda,Chromadorea,NA,NA,NA,NA,NA,NA,NA,NA,NA,NA,NA,NA,NA,NA
Acanthocheilonema reconditum,Nematoda,Chromadorea,9,32,92,180,9,17,92,106,20,32,146,180,NA,NA
Acanthocheilonema spirocauda,Nematoda,Chromadorea,NA,NA,NA,NA,NA,NA,NA,NA,NA,NA,NA,NA,NA,NA
Aelurostrongylus abstrusus,Nematoda,Chromadorea,4,10,54,80,4,6,54,64,9,10,80,80,60,85
Aelurostrongylus falciformis,Nematoda,Chromadorea,NA,NA,NA,NA,NA,NA,NA,NA,NA,NA,NA,NA,NA,NA
Aelurostrongylus pridhami,Nematoda,Chromadorea,NA,NA,NA,NA,NA,NA,NA,NA,NA,NA,NA,NA,NA,NA
Agriostomum cursoni,Nematoda,Chromadorea,NA,NA,NA,NA,NA,NA,NA,NA,NA,NA,NA,NA,NA,NA
Agriostomum equidentatum,Nematoda,Chromadorea,NA,NA,NA,NA,NA,NA,NA,NA,NA,NA,NA,NA,NA,NA
Agriostomum gorgonis,Nematoda,Chromadorea,NA,NA,NA,NA,NA,NA,NA,NA,NA,NA,NA,NA,NA,NA
Alaria alata,Platyhelminthes,Trematoda,2.4,6,NA,NA,NA,NA,NA,NA,NA,NA,NA,NA,98,125
Alaria americana,Platyhelminthes,Trematoda,4,5,NA,NA,NA,NA,NA,NA,NA,NA,NA,NA,106,143
Alaria arisaemoides,Platyhelminthes,Trematoda,7,10.6,NA,NA,NA,NA,NA,NA,NA,NA,NA,NA,117,125
Alaria canis,Platyhelminthes,Trematoda,2.5,4.2,NA,NA,NA,NA,NA,NA,NA,NA,NA,NA,108,116
Alaria marcianae,Platyhelminthes,Trematoda,NA,NA,NA,NA,NA,NA,NA,NA,NA,NA,NA,NA,NA,NA
Alaria mustelae,Platyhelminthes,Trematoda,0.82,1.74,NA,NA,NA,NA,NA,NA,NA,NA,NA,NA,107,125
Alaria taxideae,Platyhelminthes,Trematoda,1.1,2.27,NA,NA,NA,NA,NA,NA,NA,NA,NA,NA,106,143
Amoebotaenia paradoxa,Platyhelminthes,Cestoda,NA,NA,NA,NA,NA,NA,NA,NA,NA,NA,NA,NA,NA,NA
Ancylostoma braziliense,Nematoda,Chromadorea,5.07,10.6,190,320,5.07,7.5,190,270,6.5,10.6,220,320,75,95
Ancylostoma caninum,Nematoda,Chromadorea,11,20.5,340,570,11,13,340,390,14,20.5,500,570,34,55
Ancylostoma kusimaense,Nematoda,Chromadorea,NA,NA,NA,NA,NA,NA,NA,NA,NA,NA,NA,NA,NA,NA
Ancylostoma martinezi,Nematoda,Chromadorea,NA,NA,NA,NA,NA,NA,NA,NA,NA,NA,NA,NA,NA,NA
Ancylostoma pluridentatum,Nematoda,Chromadorea,NA,NA,NA,NA,NA,NA,NA,NA,NA,NA,NA,NA,NA,NA
Ancylostoma tubaeforme,Nematoda,Chromadorea,9.5,15,300,430,9.5,11,300,350,12,15,380,430,55,76
Angiocaulus gubernaculatus,Nematoda,Secernentea,NA,NA,NA,NA,NA,NA,NA,NA,NA,NA,NA,NA,NA,NA
Angiostrongylus vasorum,Nematoda,Chromadorea,NA,NA,NA,NA,NA,NA,NA,NA,NA,NA,NA,NA,NA,NA
Anisakis pegreffii,Nematoda,Chromadorea,NA,NA,NA,NA,NA,NA,NA,NA,NA,NA,NA,NA,NA,NA
Anisakis physeteris,Nematoda,Chromadorea,NA,NA,NA,NA,NA,NA,NA,NA,NA,NA,NA,NA,NA,NA
Anisakis simplex,Nematoda,Chromadorea,4.2,39.3,NA,NA,NA,NA,NA,NA,NA,NA,NA,NA,50,50
Anophryocephalus arcticensis,Platyhelminthes,Cestoda,NA,NA,NA,NA,NA,NA,NA,NA,NA,NA,NA,NA,NA,NA
Anophryocephalus ochotensis,Platyhelminthes,Cestoda,NA,NA,NA,NA,NA,NA,NA,NA,NA,NA,NA,NA,NA,NA
Anoplocephala gigantea,Platyhelminthes,Cestoda,NA,NA,NA,NA,NA,NA,NA,NA,NA,NA,NA,NA,NA,NA
Anoplocephala magna,Platyhelminthes,Cestoda,NA,NA,NA,NA,NA,NA,NA,NA,NA,NA,NA,NA,NA,NA
Anoplocephala perfoliata,Platyhelminthes,Cestoda,NA,NA,NA,NA,NA,NA,NA,NA,NA,NA,NA,NA,NA,NA
Aonchotheca putorii,Nematoda,Enoplea,NA,NA,NA,NA,NA,NA,NA,NA,NA,NA,NA,NA,NA,NA
Apophallus donicus,Platyhelminthes,Trematoda,0.5,1.4,0.2,0.72,NA,NA,NA,NA,NA,NA,NA,NA,25,35
Apophallus muehlingi,Platyhelminthes,Trematoda,0.805,1.6,0.19,0.31,NA,NA,NA,NA,NA,NA,NA,NA,32,36
Apophallus venustus,Platyhelminthes,Trematoda,NA,NA,NA,NA,NA,NA,NA,NA,NA,NA,NA,NA,NA,NA
Apteragia odocoilei,Nematoda,Chromadorea,NA,NA,NA,NA,NA,NA,NA,NA,NA,NA,NA,NA,NA,NA
Apteragia pursglovei,Nematoda,Chromadorea,NA,NA,NA,NA,NA,NA,NA,NA,NA,NA,NA,NA,NA,NA
Apteragia quadrispiculata,Nematoda,Chromadorea,NA,NA,NA,NA,NA,NA,NA,NA,NA,NA,NA,NA,NA,NA
Arhythmorhynchus brevis,Acanthocephala,Palaeacanthocephala,5,12,1000,3000,5,6,1000,1500,6,12,3000,3000,76,100
Arthrostoma miyazakiense,Nematoda,Chromadorea,NA,NA,NA,NA,NA,NA,NA,NA,NA,NA,NA,NA,NA,NA
Ascaridia schroederii,Nematoda,Chromadorea,NA,NA,NA,NA,NA,NA,NA,NA,NA,NA,NA,NA,NA,NA
Ascaris lumbricoides,Nematoda,Chromadorea,17.5,22.5,NA,NA,NA,NA,NA,NA,NA,NA,NA,NA,50,75
Ascaris phacochoeri,Nematoda,Chromadorea,NA,NA,NA,NA,NA,NA,NA,NA,NA,NA,NA,NA,NA,NA
Ascaris suum,Nematoda,Chromadorea,15,40,3000,6000,15,25,3000,4000,20,40,5000,6000,60,80
Ascarops dentata,Nematoda,Chromadorea,25,55,700,1200,25,35,700,800,40,55,1100,1200,39,39
Ascarops strongylina,Nematoda,Chromadorea,NA,NA,NA,NA,10,15,300,300,15,22,390,390,34,40
Ascocotyle ampullacea,Platyhelminthes,Trematoda,NA,NA,NA,NA,NA,NA,NA,NA,NA,NA,NA,NA,NA,NA
Ascocotyle leighi,Platyhelminthes,Trematoda,0.283,0.402,0.084,0.122,NA,NA,NA,NA,NA,NA,NA,NA,16,18
Ascorhytis charadriformis,Platyhelminthes,Trematoda,0.6,0.6,0.214,0.214,NA,NA,NA,NA,NA,NA,NA,NA,24,24
Ashworthius sidemi,Nematoda,Chromadorea,NA,NA,NA,NA,NA,NA,NA,NA,NA,NA,NA,NA,NA,NA
Atriotaenia incisa,Platyhelminthes,Cestoda,NA,NA,NA,NA,NA,NA,NA,NA,NA,NA,NA,NA,NA,NA
Atriotaenia procyonis,Platyhelminthes,Cestoda,NA,NA,NA,NA,NA,NA,NA,NA,NA,NA,NA,NA,NA,NA
Avitellina centripunctata,Platyhelminthes,Cestoda,NA,NA,NA,NA,NA,NA,NA,NA,NA,NA,NA,NA,NA,NA
Baschkirovitrema incrassatum,Platyhelminthes,Trematoda,7,17.5,0.96,1.25,NA,NA,NA,NA,NA,NA,NA,NA,104,123
Baylisascaris columnaris,Nematoda,Chromadorea,1.32,1.74,NA,NA,NA,NA,NA,NA,NA,NA,NA,NA,60,88
Baylisascaris devosi,Nematoda,Chromadorea,1.12,1.91,NA,NA,NA,NA,NA,NA,NA,NA,NA,NA,58,77
Baylisascaris procyonis,Nematoda,Chromadorea,NA,NA,NA,NA,NA,NA,NA,NA,NA,NA,NA,NA,NA,NA
Baylisascaris transfuga,Nematoda,Chromadorea,NA,NA,NA,NA,NA,NA,NA,NA,NA,NA,NA,NA,NA,NA
Baylisiella tecta,Platyhelminthes,Cestoda,NA,NA,NA,NA,NA,NA,NA,NA,NA,NA,NA,NA,NA,NA
Bolbosoma bobrovoi,Acanthocephala,Palaeacanthocephala,8,8,47,1040,NA,NA,NA,NA,NA,NA,NA,NA,NA,NA
Brachylaima fuscatus,Platyhelminthes,Trematoda,NA,NA,NA,NA,NA,NA,NA,NA,NA,NA,NA,NA,NA,NA
Brachylaima pellucidum,Platyhelminthes,Trematoda,1.228,2.885,0.255,0.564,NA,NA,NA,NA,NA,NA,NA,NA,22.8,28
Brachylaima recurva,Platyhelminthes,Trematoda,4,5,0.7,1,NA,NA,NA,NA,NA,NA,NA,NA,28,30
Brachylaima tokudai,Platyhelminthes,Trematoda,1.3,3.5,0.3,0.45,NA,NA,NA,NA,NA,NA,NA,NA,27,33
Brachylaima virginiana,Platyhelminthes,Trematoda,1.94,2.195,0.319,0.319,NA,NA,NA,NA,NA,NA,NA,NA,25,36
Bronchonema magna,Nematoda,Chromadorea,NA,NA,NA,NA,NA,NA,NA,NA,NA,NA,NA,NA,NA,NA
Brugia beaveri,Nematoda,Chromadorea,16.5,26,65,100,16.5,16.5,65,65,26,26,100,100,NA,NA
Bunostomum trigonocephalum,Nematoda,Chromadorea,12,26,NA,NA,12,17,NA,NA,19,26,NA,NA,82,97
Calicophron calicophorum,Platyhelminthes,Trematoda,9.44,15,4,7,NA,NA,NA,NA,NA,NA,NA,NA,114,135
Camelostrongylus harrisi,Nematoda,Chromadorea,NA,NA,NA,NA,NA,NA,NA,NA,NA,NA,NA,NA,NA,NA
Camelostrongylus mentulatus,Nematoda,Chromadorea,6.5,10,NA,NA,6.5,7.5,NA,NA,8,10,NA,NA,75,85
Capillaria aerophila,Nematoda,Enoplea,15,NA,NA,NA,15,25,60,100,20,40,100,180,58,79
Capillaria aerophila,Nematoda,Enoplea,15,40,60,180,15,25,60,100,20,40,100,180,58,79
Capillaria bilobata,Nematoda,Enoplea,10.1,21.3,50,85,10.1,16.5,50,83,14,21.3,72,85,33,55
Capillaria boehmi,Nematoda,Enoplea,NA,NA,NA,NA,NA,NA,NA,NA,NA,NA,NA,NA,NA,NA
Capillaria bovis,Nematoda,Enoplea,11,25,50,116,11,13,50,75,18,25,80,116,45,52
Capillaria hepatica,Nematoda,Enoplea,22,104,26,184,22,22,26,78,52,104,78,184,48,66
Capillaria mucronata,Nematoda,Enoplea,NA,NA,NA,NA,NA,NA,NA,NA,NA,NA,NA,NA,NA,NA
Capillaria mustelorum,Nematoda,Enoplea,NA,NA,NA,NA,NA,NA,NA,NA,NA,NA,NA,NA,NA,NA
Capillaria myoxinitelae,Nematoda,Enoplea,NA,NA,NA,NA,NA,NA,NA,NA,NA,NA,NA,NA,NA,NA
Capillaria plica,Nematoda,Enoplea,13,60,48,60,13,30,48,48,30,60,65,65,60,68
Capillaria procyonis,Nematoda,Enoplea,NA,NA,NA,NA,NA,NA,NA,NA,NA,NA,NA,NA,NA,NA
Capillaria putorii,Nematoda,Enoplea,5.4,15,58,88,5.4,8,58,68,9.4,15,68,88,56,72
Capreocaulus capreoli,Nematoda,,NA,NA,NA,NA,NA,NA,NA,NA,NA,NA,NA,NA,NA,NA
Carmyerius gregarius,Platyhelminthes,Trematoda,6,12,2,4,NA,NA,NA,NA,NA,NA,NA,NA,112,125
Centrorhynchus aluconis,Acanthocephala,Palaeacanthocephala,6,45,500,1500,6,25,500,600,11,45,800,1500,NA,NA
Centrorhynchus bazaleticus,Acanthocephala,Palaeacanthocephala,6.783,6.78,1024,1024,NA,NA,NA,NA,NA,NA,NA,NA,36,36
Centrorhynchus conspectus,Acanthocephala,Palaeacanthocephala,23,55,1000,1500,23,35,NA,NA,28,55,1000,1500,60,78
Centrorhynchus elongatus,Acanthocephala,Palaeacanthocephala,NA,NA,NA,NA,15,35,750,1100,32,53,800,1600,72,84
Centrorhynchus elongatus,Acanthocephala,Palaeacanthocephala,NA,NA,NA,NA,15,35,750,1100,32,53,800,1600,72,84
Centrorhynchus teres,Acanthocephala,Palaeacanthocephala,14,17,1200,2200,14,14,2000,2000,17,20,2000,2000,61,65
Centrorhynchus undulatus,Acanthocephala,Palaeacanthocephala,NA,NA,NA,NA,NA,NA,NA,NA,NA,NA,NA,NA,NA,NA
Centrorhynchus wardae,Acanthocephala,Palaeacanthocephala,NA,NA,NA,NA,NA,NA,NA,NA,NA,NA,NA,NA,NA,NA
Ceratospira opthalmica,Nematoda,Chromadorea,NA,NA,NA,NA,NA,NA,NA,NA,NA,NA,NA,NA,NA,NA
Cercopithifilaria crassa,Nematoda,Chromadorea,NA,NA,NA,NA,NA,NA,NA,NA,NA,NA,NA,NA,NA,NA
Cercopithifilaria longa,Nematoda,Chromadorea,NA,NA,NA,NA,NA,NA,NA,NA,NA,NA,NA,NA,NA,NA
Cercopithifilaria shohoi,Nematoda,Chromadorea,NA,NA,NA,NA,NA,NA,NA,NA,NA,NA,NA,NA,NA,NA
Chabertia ovina,Nematoda,Chromadorea,13,20,330,500,13,14,330,330,17,20,500,500,77,100
Concinnum ten,Platyhelminthes,Trematoda,1.32,2.6,0.43,1.05,NA,NA,NA,NA,NA,NA,NA,NA,48,60
Contracaecum margolisi,Nematoda,Chromadorea,NA,NA,NA,NA,NA,NA,NA,NA,NA,NA,NA,NA,NA,NA
Contracaecum ogmorhini,Nematoda,Chromadorea,NA,NA,NA,NA,NA,NA,NA,NA,NA,NA,NA,NA,NA,NA
Contracaecum osculatum,Nematoda,Chromadorea,NA,NA,NA,NA,NA,NA,NA,NA,NA,NA,NA,NA,NA,NA
Contracaecum spiculigerum,Nematoda,Chromadorea,NA,NA,NA,NA,NA,NA,NA,NA,NA,NA,NA,NA,64,64
Cooperia acutispiculum,Nematoda,Chromadorea,NA,NA,NA,NA,NA,NA,NA,NA,NA,NA,NA,NA,NA,NA
Cooperia connochaeti,Nematoda,Chromadorea,NA,NA,NA,NA,NA,NA,NA,NA,NA,NA,NA,NA,NA,NA
Cooperia fuelleborni,Nematoda,Chromadorea,5.6,7.8,NA,NA,5.6,7.3,NA,NA,5.4,7.8,NA,NA,65,72
Cooperia hungi,Nematoda,Chromadorea,7.6,9.1,NA,NA,10.5,10.7,NA,NA,NA,NA,NA,NA,68,68
Cooperia neitzi,Nematoda,Chromadorea,8.4,12.4,NA,NA,8.4,9.8,NA,NA,10.4,12.4,NA,NA,78,90
Cooperia oncophora,Nematoda,Chromadorea,4.9,12,NA,NA,4.9,9,NA,NA,6,12,NA,NA,74,75
Cooperia pectinata,Nematoda,Chromadorea,NA,NA,NA,NA,7,7,NA,NA,7.5,9,NA,NA,65,87
Cooperia pigachei,Nematoda,Chromadorea,NA,NA,NA,NA,NA,NA,NA,NA,NA,NA,NA,NA,NA,NA
Cooperia punctata,Nematoda,Chromadorea,NA,NA,NA,NA,4.7,8.1,NA,NA,5.7,7.5,NA,NA,67,85
Cooperia rotundispiculum,Nematoda,Chromadorea,NA,NA,NA,NA,NA,NA,NA,NA,NA,NA,NA,NA,NA,NA
Cooperia verrucosa,Nematoda,Chromadorea,NA,NA,NA,NA,NA,NA,NA,NA,NA,NA,NA,NA,NA,NA
Cooperia yoshidai,Nematoda,Chromadorea,NA,NA,NA,NA,NA,NA,NA,NA,NA,NA,NA,NA,NA,NA
Cooperia zurnabada,Nematoda,Chromadorea,NA,NA,NA,NA,NA,NA,NA,NA,NA,NA,NA,NA,NA,NA
Cooperioides antidorca,Nematoda,Chromadorea,6.2,7.9,NA,NA,6.2,7,NA,NA,7.7,7.9,NA,NA,NA,NA
Cooperioides hamiltoni,Nematoda,Chromadorea,NA,NA,NA,NA,NA,NA,NA,NA,NA,NA,NA,NA,NA,NA
Cooperioides hepaticae,Nematoda,Chromadorea,NA,NA,NA,NA,NA,NA,NA,NA,NA,NA,NA,NA,NA,NA
Cordophilus sagittus,Nematoda,Chromadorea,57,122,700,1200,57,85,700,730,75,122,850,1200,NA,NA
Corynosoma australe,Acanthocephala,Palaeacanthocephala,3,4,1300,1300,NA,NA,NA,NA,NA,NA,NA,NA,75,85
Corynosoma enhydri,Acanthocephala,Palaeacanthocephala,12,20,2000,2250,12,16,2000,2120,19,20,2210,2250,99,125
Corynosoma hadweni,Acanthocephala,Palaeacanthocephala,6,8.25,1400,2500,6,8.25,1430,1430,6,8.25,1400,2500,93,115
Corynosoma magdaleni,Acanthocephala,Palaeacanthocephala,NA,NA,NA,NA,NA,NA,NA,NA,NA,NA,NA,NA,NA,NA
Corynosoma reductum,Acanthocephala,Palaeacanthocephala,6.12,10,2370,3600,NA,NA,NA,NA,NA,NA,NA,NA,NA,NA
Corynosoma semerme,Acanthocephala,Palaeacanthocephala,3,5,700,1000,3,5,700,1000,3,5,700,1000,79,101
Corynosoma strumosum,Acanthocephala,Palaeacanthocephala,5,9,NA,NA,5,9,NA,NA,5,9,NA,NA,79,200
Corynosoma validum,Acanthocephala,Palaeacanthocephala,3.5,5.4,1800,3200,3.9,5.4,1900,2700,3.5,4.6,1800,3200,90,116
Corynosoma villosum,Acanthocephala,Palaeacanthocephala,3.5,8.4,1360,1850,3.5,6.35,1360,1600,6.4,8.4,1780,1850,98,140
Cotylophoron indicum,Platyhelminthes,Trematoda,4.3,5.5,1.5,2,NA,NA,NA,NA,NA,NA,NA,NA,NA,NA
Cotylophoron jacksoni,Platyhelminthes,Trematoda,9.8,9.8,2.7,2.7,NA,NA,NA,NA,NA,NA,NA,NA,125,125
Crenosoma goblei,Nematoda,Chromadorea,NA,NA,NA,NA,NA,NA,NA,NA,NA,NA,NA,NA,NA,NA
Crenosoma melesi,Nematoda,Chromadorea,NA,NA,NA,NA,NA,NA,NA,NA,NA,NA,NA,NA,NA,NA
Crenosoma petrowi,Nematoda,Chromadorea,NA,NA,NA,NA,NA,NA,NA,NA,NA,NA,NA,NA,NA,NA
Crenosoma taiga,Nematoda,Chromadorea,NA,NA,NA,NA,NA,NA,NA,NA,NA,NA,NA,NA,NA,NA
Crenosoma vulpis,Nematoda,Chromadorea,3.5,16,280,480,3.5,8,280,320,12,16,300,480,NA,NA
Crenosoma zederi,Nematoda,Chromadorea,6,26,NA,NA,6,9,NA,NA,18,26,NA,NA,72,72
Crossocephalus viviparus,Nematoda,,NA,NA,NA,NA,NA,NA,NA,NA,NA,NA,NA,NA,NA,NA
Cruzia americana,Nematoda,Chromadorea,NA,NA,NA,NA,NA,NA,NA,NA,NA,NA,NA,NA,NA,NA
Cryptocotyle jejunum,Platyhelminthes,Trematoda,1.8,1.8,NA,NA,NA,NA,NA,NA,NA,NA,NA,NA,31,36
Cryptocotyle lingua,Platyhelminthes,Trematoda,0.528,1.89,0.2,0.9,NA,NA,NA,NA,NA,NA,NA,NA,33,50
Cyathospirura chevreuxi,Nematoda,Chromadorea,NA,NA,NA,NA,NA,NA,NA,NA,NA,NA,NA,NA,NA,NA
Cyathostomum catinatum,Nematoda,Chromadorea,5,12,NA,NA,5,9,NA,NA,6,12,NA,NA,NA,NA
Cyathostomum labratum,Nematoda,Chromadorea,6.5,9.5,NA,NA,6.5,8,NA,NA,7.5,9.5,NA,NA,NA,NA
Cyathostomum montgomeryi,Nematoda,Chromadorea,NA,NA,NA,NA,NA,NA,NA,NA,NA,NA,NA,NA,NA,NA
Cyathostomum tetracanthum,Nematoda,Chromadorea,7,12,NA,NA,7,9,NA,NA,8,12,NA,NA,NA,NA
Cylicocyclus auriculatus,Nematoda,Chromadorea,15,26,NA,NA,15,17,NA,NA,26,26,NA,NA,NA,NA
Cylicocyclus gyalocephaloides,Nematoda,Chromadorea,NA,NA,NA,NA,NA,NA,NA,NA,NA,NA,NA,NA,NA,NA
Cylicocyclus insigne,Nematoda,Chromadorea,11,15,NA,NA,11,12,NA,NA,13.5,15,NA,NA,NA,NA
Cylicocyclus nassatus,Nematoda,Chromadorea,7,14,NA,NA,7,10,NA,NA,9,14,NA,NA,NA,NA
Cylicodontophorus reineckei,Nematoda,Chromadorea,NA,NA,NA,NA,NA,NA,NA,NA,NA,NA,NA,NA,NA,NA
Cylicospirura felineus,Nematoda,Chromadorea,NA,NA,NA,NA,NA,NA,NA,NA,NA,NA,NA,NA,NA,NA
Cylicospirura petrowi,Nematoda,Chromadorea,NA,NA,NA,NA,NA,NA,NA,NA,NA,NA,NA,NA,NA,NA
Cylicospirura subaequalis,Nematoda,Chromadorea,NA,NA,NA,NA,NA,NA,NA,NA,NA,NA,NA,NA,NA,NA
Cylicostephanus calicatus,Nematoda,Chromadorea,5.5,8,NA,NA,5.5,6.5,NA,NA,6.5,8,NA,NA,NA,NA
Cylicostephanus longiconus,Nematoda,Chromadorea,NA,NA,NA,NA,NA,NA,NA,NA,NA,NA,NA,NA,NA,NA
Cylicostephanus minutus,Nematoda,Chromadorea,4,6,NA,NA,4,6,NA,NA,4,6,NA,NA,NA,NA
Cystocaulus ocreatus,Nematoda,Chromadorea,NA,NA,NA,NA,NA,NA,NA,NA,NA,NA,NA,NA,NA,NA
Daubneya oldi,Nematoda,,NA,NA,NA,NA,NA,NA,NA,NA,NA,NA,NA,NA,NA,NA
Diceronema versterae,Nematoda,Chromadorea,NA,NA,NA,NA,NA,NA,NA,NA,NA,NA,NA,NA,NA,NA
Dicrocoelium dendriticum,Platyhelminthes,Trematoda,6,10,1.2,2.5,NA,NA,NA,NA,NA,NA,NA,NA,36,50
Dictyocaulus capreolus,Nematoda,Chromadorea,NA,NA,NA,NA,NA,NA,NA,NA,NA,NA,NA,NA,NA,NA
Dictyocaulus eckerti,Nematoda,Chromadorea,NA,NA,NA,NA,NA,NA,NA,NA,NA,NA,NA,NA,NA,NA
Dictyocaulus filaria,Nematoda,Chromadorea,NA,NA,NA,NA,25,80,NA,NA,43,112,NA,NA,112,135
Dictyocaulus noerneri,Nematoda,Chromadorea,NA,NA,NA,NA,NA,NA,NA,NA,NA,NA,NA,NA,NA,NA
Dictyocaulus viviparus,Nematoda,Chromadorea,17,80,500,500,17,50,500,500,23,80,NA,NA,82,88
Didelphonema longispiculata,Nematoda,Chromadorea,NA,NA,NA,NA,NA,NA,NA,NA,NA,NA,NA,NA,NA,NA
Dioctophyma renale,Nematoda,Enoplea,140,1000,5,12,140,450,NA,NA,200,1000,5,12,60,80
Dipetalonema llewellyni,Nematoda,Chromadorea,NA,NA,NA,NA,NA,NA,NA,NA,NA,NA,NA,NA,NA,NA
Dipetalonema mephitis,Nematoda,Chromadorea,NA,NA,NA,NA,NA,NA,NA,NA,NA,NA,NA,NA,NA,NA
Dipetalonema procyonis,Nematoda,Chromadorea,NA,NA,NA,NA,NA,NA,NA,NA,NA,NA,NA,NA,NA,NA
Dipetalonema spirocauda,Nematoda,Chromadorea,NA,NA,NA,NA,NA,NA,NA,NA,NA,NA,NA,NA,NA,NA
Diphyllobothrium cordatum,Platyhelminthes,Cestoda,NA,NA,NA,NA,NA,NA,NA,NA,NA,NA,NA,NA,NA,NA
Diphyllobothrium dendriticum,Platyhelminthes,Cestoda,NA,NA,NA,NA,NA,NA,NA,NA,NA,NA,NA,NA,NA,NA
Diphyllobothrium ditremum,Platyhelminthes,Cestoda,NA,NA,NA,NA,NA,NA,NA,NA,NA,NA,NA,NA,NA,NA
Diphyllobothrium fayi,Platyhelminthes,Cestoda,NA,NA,NA,NA,NA,NA,NA,NA,NA,NA,NA,NA,NA,NA
Diphyllobothrium lanceolatum,Platyhelminthes,Cestoda,NA,NA,NA,NA,NA,NA,NA,NA,NA,NA,NA,NA,NA,NA
Diphyllobothrium latum,Platyhelminthes,Cestoda,NA,NA,NA,NA,NA,NA,NA,NA,NA,NA,NA,NA,NA,NA
Diphyllobothrium medium,Platyhelminthes,Cestoda,NA,NA,NA,NA,NA,NA,NA,NA,NA,NA,NA,NA,NA,NA
Diphyllobothrium pacificum,Platyhelminthes,Cestoda,NA,NA,NA,NA,NA,NA,NA,NA,NA,NA,NA,NA,NA,NA
Diphyllobothrium tetrapterus,Platyhelminthes,Cestoda,NA,NA,NA,NA,NA,NA,NA,NA,NA,NA,NA,NA,NA,NA
Diplopylidium monoophorum,Platyhelminthes,Cestoda,NA,NA,NA,NA,NA,NA,NA,NA,NA,NA,NA,NA,NA,NA
Diplopylidium noelleri,Platyhelminthes,Cestoda,NA,NA,NA,NA,NA,NA,NA,NA,NA,NA,NA,NA,NA,NA
Dipylidium caninum,Platyhelminthes,Cestoda,NA,NA,NA,NA,NA,NA,NA,NA,NA,NA,NA,NA,NA,NA
Dirofilaria immitis,Nematoda,Chromadorea,NA,NA,NA,NA,NA,NA,NA,NA,NA,NA,NA,NA,NA,NA
Dirofilaria lutrae,Nematoda,Chromadorea,NA,NA,NA,NA,NA,NA,NA,NA,NA,NA,NA,NA,NA,NA
Dirofilaria repens,Nematoda,Chromadorea,NA,NA,NA,NA,NA,NA,NA,NA,NA,NA,NA,NA,NA,NA
Dirofilaria striata,Nematoda,Chromadorea,NA,NA,NA,NA,NA,NA,NA,NA,NA,NA,NA,NA,NA,NA
Dirofilaria tenuis,Nematoda,Chromadorea,NA,NA,NA,NA,NA,NA,NA,NA,NA,NA,NA,NA,NA,NA
Dirofilaria ursi,Nematoda,Chromadorea,NA,NA,NA,NA,NA,NA,NA,NA,NA,NA,NA,NA,NA,NA
Dracunculus insignis,Nematoda,Chromadorea,NA,NA,NA,NA,NA,NA,NA,NA,NA,NA,NA,NA,NA,NA
Draschia megastoma,Nematoda,Chromadorea,7,13,NA,NA,7,10,NA,NA,10,13,NA,NA,330,350
Echinochasmus perfoliatus,Platyhelminthes,Trematoda,NA,NA,NA,NA,NA,NA,NA,NA,NA,NA,NA,NA,NA,NA
Echinococcus granulosus,Platyhelminthes,Cestoda,NA,NA,NA,NA,NA,NA,NA,NA,NA,NA,NA,NA,NA,NA
Echinococcus multilocularis,Platyhelminthes,Cestoda,NA,NA,NA,NA,NA,NA,NA,NA,NA,NA,NA,NA,NA,NA
Echinococcus oligarthrus,Platyhelminthes,Cestoda,NA,NA,NA,NA,NA,NA,NA,NA,NA,NA,NA,NA,NA,NA
Echinococcus shiquicus,Platyhelminthes,Cestoda,NA,NA,NA,NA,NA,NA,NA,NA,NA,NA,NA,NA,NA,NA
Echinococcus sibiricensis,Platyhelminthes,Cestoda,NA,NA,NA,NA,NA,NA,NA,NA,NA,NA,NA,NA,NA,NA
Echinoparyphium recurvatum,Platyhelminthes,Trematoda,1.9,7.3,0.4,0.85,NA,NA,NA,NA,NA,NA,NA,NA,88,111
Echinorhynchus gadi,Acanthocephala,Palaeacanthocephala,NA,NA,NA,NA,NA,NA,NA,NA,NA,NA,NA,NA,NA,NA
Echinostoma cinetorchis,Platyhelminthes,Trematoda,NA,NA,NA,NA,NA,NA,NA,NA,NA,NA,NA,NA,NA,NA
Echinostoma hortense,Platyhelminthes,Trematoda,NA,NA,NA,NA,NA,NA,NA,NA,NA,NA,NA,NA,NA,NA
Elaeophora elaphi,Nematoda,Chromadorea,NA,NA,NA,NA,NA,NA,NA,NA,NA,NA,NA,NA,NA,NA
Elaeophora sagitta,Nematoda,Chromadorea,NA,NA,NA,NA,NA,NA,NA,NA,NA,NA,NA,NA,NA,NA
Elaeophora schneideri,Nematoda,Chromadorea,55,120,400,890,55,85,400,685,60,120,560,890,47,47
Elaphostrongylus alces,Nematoda,Chromadorea,NA,NA,NA,NA,NA,NA,NA,NA,NA,NA,NA,NA,NA,NA
Elaphostrongylus cervi,Nematoda,Chromadorea,NA,NA,NA,NA,NA,NA,NA,NA,NA,NA,NA,NA,NA,NA
Elaphostrongylus rangiferi,Nematoda,Chromadorea,NA,NA,NA,NA,NA,NA,NA,NA,NA,NA,NA,NA,NA,NA
Eucoleus aerophilus,Nematoda,Enoplea,15,40,60,180,15,25,60,100,20,40,100,180,58,79
Eucoleus boehemi,Nematoda,Enoplea,NA,NA,NA,NA,NA,NA,NA,NA,NA,NA,NA,NA,NA,NA
Eucoleus schvalovoj,Nematoda,Enoplea,NA,NA,NA,NA,NA,NA,NA,NA,NA,NA,NA,NA,NA,NA
Eucyathostomum webbi,Nematoda,Chromadorea,NA,NA,NA,NA,NA,NA,NA,NA,NA,NA,NA,NA,NA,NA
Euparyphium beaveri,Platyhelminthes,Trematoda,NA,NA,NA,NA,NA,NA,NA,NA,NA,NA,NA,NA,NA,NA
Euparyphium inermo,Platyhelminthes,Trematoda,NA,NA,NA,NA,NA,NA,NA,NA,NA,NA,NA,NA,NA,NA
Euparyphium melis,Platyhelminthes,Trematoda,NA,NA,NA,NA,NA,NA,NA,NA,NA,NA,NA,NA,NA,NA
Euryhelmis costaricensis,Platyhelminthes,Trematoda,1.074,1.281,0.716,0.854,NA,NA,NA,NA,NA,NA,NA,NA,29,29
Euryhelmis pacifica,Platyhelminthes,Trematoda,0.66,1.04,0.34,0.68,NA,NA,NA,NA,NA,NA,NA,NA,20,34
Euryhelmis squamula,Platyhelminthes,Trematoda,0.6,1,1.4,1.9,NA,NA,NA,NA,NA,NA,NA,NA,28,34
Eurytrema procyonis,Platyhelminthes,Trematoda,NA,NA,NA,NA,NA,NA,NA,NA,NA,NA,NA,NA,NA,NA
Fasciola gigantica,Platyhelminthes,Trematoda,18,51,4,13,NA,NA,NA,NA,NA,NA,NA,NA,130,150
Fasciola hepatica,Platyhelminthes,Trematoda,25,76,3,12,NA,NA,NA,NA,NA,NA,NA,NA,125,197
Fascioloides magna,Platyhelminthes,Trematoda,30,100,14,32,NA,NA,NA,NA,NA,NA,NA,NA,109,168
Fibricola cartera,Platyhelminthes,Trematoda,0.51,1.89,0.41,1.5,NA,NA,NA,NA,NA,NA,NA,NA,90,120
Fibricola texensis,Platyhelminthes,Trematoda,0.53,1.15,NA,NA,NA,NA,NA,NA,NA,NA,NA,NA,98,117
Filaria martis,Nematoda,Chromadorea,NA,NA,NA,NA,NA,NA,NA,NA,NA,NA,NA,NA,NA,NA
Filaria taxideae,Nematoda,Chromadorea,NA,NA,NA,NA,NA,NA,NA,NA,NA,NA,NA,NA,NA,NA
Filaroides bronchialis,Nematoda,Chromadorea,NA,NA,NA,NA,NA,NA,NA,NA,NA,NA,NA,NA,NA,NA
Filaroides gymnurus,Nematoda,Chromadorea,NA,NA,NA,NA,NA,NA,NA,NA,NA,NA,NA,NA,NA,NA
Filaroides hispidus,Nematoda,Chromadorea,NA,NA,NA,NA,NA,NA,NA,NA,NA,NA,NA,NA,NA,NA
Filaroides krascheninnikovi,Nematoda,Chromadorea,NA,NA,NA,NA,NA,NA,NA,NA,NA,NA,NA,NA,NA,NA
Filaroides martis,Nematoda,Chromadorea,1.4,1.5,NA,NA,1.4,1.4,NA,NA,1.5,1.5,NA,NA,NA,NA
Filaroides milksi,Nematoda,Chromadorea,3,11,58,174,3,4,58,101,11,11,116,174,NA,NA
Gaigeria pachyscelis,Nematoda,Chromadorea,11,17,600,850,11,12,600,650,15,17,700,850,105,129
Galactosomum stelleri,Platyhelminthes,Trematoda,NA,NA,NA,NA,NA,NA,NA,NA,NA,NA,NA,NA,NA,NA
Gastrodiscus aegyptiacus,Platyhelminthes,Trematoda,9,17,2.5,11,NA,NA,NA,NA,NA,NA,NA,NA,131,190
Gastrothylax crumenifer,Platyhelminthes,Trematoda,NA,NA,NA,NA,NA,NA,NA,NA,NA,NA,NA,NA,NA,NA
Gastrothylax glandiformis,Platyhelminthes,Trematoda,NA,NA,NA,NA,NA,NA,NA,NA,NA,NA,NA,NA,NA,NA
Gazellostrongylus lerouxi,Nematoda,Chromadorea,NA,NA,NA,NA,NA,NA,NA,NA,NA,NA,NA,NA,NA,NA
Globocephalus urosubulatus,Nematoda,Chromadorea,NA,NA,NA,NA,NA,NA,NA,NA,NA,NA,NA,NA,NA,NA
Gnathostoma doloresi,Nematoda,Chromadorea,20,52,900,2800,20,38,900,1700,27,52,1300,2800,52,67
Gnathostoma procyonis,Nematoda,Chromadorea,NA,NA,NA,NA,NA,NA,NA,NA,NA,NA,NA,NA,NA,NA
Gnathostoma spinigerum,Nematoda,Chromadorea,10,31,1000,2500,10,25,1000,1900,9,31,1000,2500,60,70
Gongylonema pulchrum,Nematoda,Chromadorea,30,145,150,2400,30,62,150,300,80,145,300,500,50,70
Gongylonema verrucosum,Nematoda,Chromadorea,32,95,250,460,32,41,250,300,70,95,420,460,45,55
Gynaecotyla adunca,Platyhelminthes,Trematoda,0.35,0.84,0.22,0.39,NA,NA,NA,NA,NA,NA,NA,NA,17,21
Gyrosoma singularis,Platyhelminthes,Trematoda,0.29,0.48,0.07,0.26,NA,NA,NA,NA,NA,NA,NA,NA,80,120
Habronema malani,Nematoda,Chromadorea,NA,NA,NA,NA,NA,NA,NA,NA,NA,NA,NA,NA,NA,NA
Habronema muscae,Nematoda,Chromadorea,8,22,NA,NA,8,14,NA,NA,13,22,NA,NA,40,50
Habronema tomasi,Nematoda,Chromadorea,NA,NA,NA,NA,NA,NA,NA,NA,NA,NA,NA,NA,NA,NA
Habronema zebrae,Nematoda,Chromadorea,NA,NA,NA,NA,NA,NA,NA,NA,NA,NA,NA,NA,NA,NA
Haemonchus bedfordi,Nematoda,Chromadorea,9.8,19.5,NA,NA,9.8,11.5,NA,NA,14.5,19.5,NA,NA,NA,NA
Haemonchus contortus,Nematoda,Chromadorea,10,30,400,500,10,20,400,400,18,30,500,500,65,84
Haemonchus horaki,Nematoda,Chromadorea,NA,NA,NA,NA,NA,NA,NA,NA,NA,NA,NA,NA,NA,NA
Haemonchus krugeri,Nematoda,Chromadorea,NA,NA,NA,NA,NA,NA,NA,NA,NA,NA,NA,NA,NA,NA
Haemonchus mitchelli,Nematoda,Chromadorea,NA,NA,NA,NA,NA,NA,NA,NA,NA,NA,NA,NA,NA,NA
Haemonchus placei,Nematoda,Chromadorea,NA,NA,NA,NA,NA,NA,NA,NA,NA,NA,NA,NA,72,92
Haemonchus vegliai,Nematoda,Chromadorea,NA,NA,NA,NA,NA,NA,NA,NA,NA,NA,NA,NA,NA,NA
Hepatoxylon trichiuri,Platyhelminthes,Cestoda,NA,NA,NA,NA,NA,NA,NA,NA,NA,NA,NA,NA,NA,NA
Heterobilharzia americana,Platyhelminthes,Trematoda,3.7,9,0.58,1,3.7,6.7,1,1.5,9,9,0.58,0.58,78,78
Hydatigera taeniaeformis,Platyhelminthes,Cestoda,NA,NA,NA,NA,NA,NA,NA,NA,NA,NA,NA,NA,NA,NA
Hymenolepis diminuta,Platyhelminthes,Cestoda,NA,NA,NA,NA,NA,NA,NA,NA,NA,NA,NA,NA,NA,NA
Hyostrongylus rubidus,Nematoda,Chromadorea,4,9,NA,NA,4,7,NA,NA,5,9,NA,NA,60,91
Impalaia nudicollis,Nematoda,Chromadorea,7.5,16.7,NA,NA,7.5,8.2,NA,NA,14.8,16.7,NA,NA,63,74
Impalaia nudicollis,Nematoda,Chromadorea,NA,NA,NA,NA,NA,NA,NA,NA,NA,NA,NA,NA,NA,NA
Impalaia tuberculata,Nematoda,Chromadorea,NA,NA,NA,NA,NA,NA,NA,NA,NA,NA,NA,NA,NA,NA
Isthmiophora hortensis,Platyhelminthes,Trematoda,NA,NA,NA,NA,NA,NA,NA,NA,NA,NA,NA,NA,NA,NA
Isthmiophora melis,Platyhelminthes,Trematoda,3.5,11.2,0.96,1.62,NA,NA,NA,NA,NA,NA,NA,NA,120,171
Joyeuxiella echinorhynchoides,Platyhelminthes,Cestoda,NA,NA,NA,NA,NA,NA,NA,NA,NA,NA,NA,NA,NA,NA
Joyeuxiella pasqualei,Platyhelminthes,Cestoda,NA,NA,NA,NA,NA,NA,NA,NA,NA,NA,NA,NA,NA,NA
Kiluluma goodeyi,Nematoda,Chromadorea,NA,NA,NA,NA,NA,NA,NA,NA,NA,NA,NA,NA,NA,NA
Kiluluma magna,Nematoda,Chromadorea,NA,NA,NA,NA,NA,NA,NA,NA,NA,NA,NA,NA,NA,NA
Kiluluma rhinocerotis,Nematoda,Chromadorea,NA,NA,NA,NA,NA,NA,NA,NA,NA,NA,NA,NA,NA,NA
Liorchis scotiae,Platyhelminthes,Trematoda,NA,NA,NA,NA,NA,NA,NA,NA,NA,NA,NA,NA,NA,NA
Longistrongylus albifrontis,Nematoda,Chromadorea,7.2,11.3,NA,NA,7.2,7.4,NA,NA,9.9,11.3,NA,NA,70,78
Longistrongylus curvispiculum,Nematoda,Chromadorea,NA,NA,NA,NA,NA,NA,NA,NA,NA,NA,NA,NA,NA,NA
Longistrongylus meyeri,Nematoda,Chromadorea,NA,NA,NA,NA,NA,NA,NA,NA,NA,NA,NA,NA,NA,NA
Longistrongylus namaquensis,Nematoda,Chromadorea,NA,NA,NA,NA,NA,NA,NA,NA,NA,NA,NA,NA,NA,NA
Longistrongylus sabie,Nematoda,Chromadorea,NA,NA,NA,NA,NA,NA,NA,NA,NA,NA,NA,NA,NA,NA
Longistrongylus schrenki,Nematoda,Chromadorea,NA,NA,NA,NA,NA,NA,NA,NA,NA,NA,NA,NA,NA,NA
Loxodontofilaria caprini,Nematoda,Chromadorea,NA,NA,NA,NA,NA,NA,NA,NA,NA,NA,NA,NA,NA,NA
Lyperosomum sinuosum,Platyhelminthes,Trematoda,4,6,0.5,0.8,NA,NA,NA,NA,NA,NA,NA,NA,40,40
Macracanthorhynchus catulinus,Acanthocephala,Archiacanthocephala,45,125,5000,6000,45,65,NA,NA,125,125,5000,6000,92,105
Macracanthorhynchus hirudinaceus,Acanthocephala,Archiacanthocephala,50,400,7000,9000,50,150,7000,8000,105,500,7000,9000,70,100
Macracanthorhynchus ingens,Acanthocephala,Archiacanthocephala,130,300,4000,8000,130,150,4000,5000,183,300,5000,8000,96,106
Macracanthorhynchus ingens,Acanthocephala,Archiacanthocephala,130,300,4000,8000,130,150,4000,5000,183,300,5000,8000,96,106
Macroorchis spinulosus,Platyhelminthes,Insecta,NA,NA,NA,NA,NA,NA,NA,NA,NA,NA,NA,NA,NA,NA
Mansonella llewellyni,Nematoda,Chromadorea,NA,NA,NA,NA,NA,NA,NA,NA,NA,NA,NA,NA,NA,NA
Mansonella perforata,Nematoda,Chromadorea,NA,NA,NA,NA,NA,NA,NA,NA,NA,NA,NA,NA,NA,NA
Maritrema eroliae,Platyhelminthes,Trematoda,0.25,0.785,0.16,0.33,NA,NA,NA,NA,NA,NA,NA,NA,15,20
Maritreminoides nettae,Platyhelminthes,Trematoda,0.4,0.45,0.23,0.29,NA,NA,NA,NA,NA,NA,NA,NA,18,22
Marshallagia marshalli,Nematoda,Chromadorea,10,20,NA,NA,10,13,NA,NA,12,20,NA,NA,178,217
Marshallagia mongolica,Nematoda,Chromadorea,NA,NA,NA,NA,NA,NA,NA,NA,NA,NA,NA,NA,NA,NA
Marshallagia occidentalis,Nematoda,Chromadorea,NA,NA,NA,NA,NA,NA,NA,NA,NA,NA,NA,NA,NA,NA
Mastophorus muris,Nematoda,Chromadorea,12,100,400,1500,12,45,400,1200,20,100,200,1500,51,55
Mathevotaenia mephitis,Platyhelminthes,Cestoda,NA,NA,NA,NA,NA,NA,NA,NA,NA,NA,NA,NA,NA,NA
